-- phpMyAdmin SQL Dump
-- version 4.6.5.2
-- https://www.phpmyadmin.net/
--
-- Host: 127.0.0.1
-- Generation Time: May 27, 2022 at 03:22 PM
-- Server version: 5.6.21
-- PHP Version: 5.6.3

SET SQL_MODE = "NO_AUTO_VALUE_ON_ZERO";
SET time_zone = "+00:00";


/*!40101 SET @OLD_CHARACTER_SET_CLIENT=@@CHARACTER_SET_CLIENT */;
/*!40101 SET @OLD_CHARACTER_SET_RESULTS=@@CHARACTER_SET_RESULTS */;
/*!40101 SET @OLD_COLLATION_CONNECTION=@@COLLATION_CONNECTION */;
/*!40101 SET NAMES utf8mb4 */;

--
-- Database: `onlinefoodphp`
--

-- --------------------------------------------------------

--
-- Table structure for table `admin`
--

CREATE TABLE `admin` (
  `adm_id` int(222) NOT NULL,
  `username` varchar(222) NOT NULL,
  `password` varchar(222) NOT NULL,
  `email` varchar(222) NOT NULL,
  `code` varchar(222) NOT NULL,
  `date` timestamp NOT NULL DEFAULT CURRENT_TIMESTAMP ON UPDATE CURRENT_TIMESTAMP
) ENGINE=InnoDB DEFAULT CHARSET=latin1;

--
-- Dumping data for table `admin`
--

INSERT INTO `admin` (`adm_id`, `username`, `password`, `email`, `code`, `date`) VALUES
(1, 'admin', 'CAC29D7A34687EB14B37068EE4708E7B', 'admin@mail.com', '', '2022-05-27 13:21:52');

-- --------------------------------------------------------

--
-- Table structure for table `dishes`
--

CREATE TABLE `dishes` (
  `d_id` int(222) NOT NULL,
  `rs_id` int(222) NOT NULL,
  `title` varchar(222) NOT NULL,
  `slogan` varchar(222) NOT NULL,
  `price` decimal(10,2) NOT NULL,
  `img` varchar(222) NOT NULL
) ENGINE=InnoDB DEFAULT CHARSET=latin1;

--
-- Dumping data for table `dishes`
--

INSERT INTO `dishes` (`d_id`, `rs_id`, `title`, `slogan`, `price`, `img`) VALUES
(1, 1, 'Mysore Masala Dosa ', 'Experience the authentic taste of Mysore with our crispy, spicy Mysore Masala Dosa.', '5.00', '62908867a48e4.jpeg'),
(2, 1, 'Paneer Tikka', 'Indulge in the rich flavors of our perfectly grilled Paneer Tikka—where every bite is a burst of spice and smokiness..', '3.00', '629089fee52b9.jpeg'),
(3, 4, 'The True Italian Pizza: Neapolitan', 'The True Italian Pizza: Bringing the heart of Naples to every bite.', '4.00', '62908bdf2f581.jpeg'),
(4, 1, 'Veg Manchurian', 'Savor the perfect blend of crispy and flavorful Veg Manchurian, a delicious Indo-Chinese delight!', '9.00', '62908d393465b.jpeg'),
(5, 2, 'Loaded Queso Nachos', 'Dive into our Loaded Queso Nachos, a mountain of crunch layered with savory toppings and creamy queso.', '6.00', '606d7491a9d13.jpeg'),
(6, 2, 'Cheesy Mashed Potato', 'Deliciously Cheesy Mashed Potato. The ultimate mash for your Thanksgiving table or the perfect accompaniment to vegan sausage casserole. Everyone will love it fluffy, cheesy.', '5.00', '606d74c416da5.jpg'),
(7, 2, 'Queso Tacos', 'Elevate your taco game with our Queso Tacos, bursting with flavor and drenched in delicious queso!.', '8.00', '606d74f6ecbbb.jpeg'),
(8, 2, 'Queso momos', 'Savor the fusion of flavors with our Queso Momos—steamed perfection filled with a gooey, cheesy surprise!.', '2.00', '606d752a209c3.jpeg'),
(9, 3, 'Vegetable Fried Rice', 'Chinese rice wok with cabbage, beans, carrots, and spring onions.', '8.00', '606d7575798fb.jpg'),
(10, 3, 'Slingin Club Sandwich ', 'A classic club with a twist, stacked high with layers of turkey, bacon, lettuce, tomato, and mayo.', '3.00', '606d75a7e21ec.jpg'),
(11, 3, 'Spring Rolls', 'Lightly seasoned shredded cabbage, onion and carrots, wrapped in house made spring roll wrappers, deep fried to golden brown.', '.8.00', '606d75ce105d0.jpg'),
(12, 3, 'Veggie Slinger', 'A hearty vegetarian sandwich with roasted vegetables, hummus, and fresh greens.', '7.4.00', '606d7600dc54c.jpeg'),
(13, 4, ' Rustic Steak Fries', 'Thick-cut fries seasoned with rosemary and sea salt, served with a garlic aioli dip.', '7.00', '606d765f69a19.jpeg'),
(14, 4, 'Mac N Cheese Bites', 'Served with our traditional spicy queso and marinara sauce.', '8.00', '606d768a1b2a1.jpg'),
(15, 4, 'Signature Potato Twisters', 'Spiral sliced potatoes, topped with our traditional spicy queso, Monterey Jack cheese, pico de gallo, sour cream and fresh cilantro.', '2.00', '606d76ad0c0cb.jpg'),
(16, 4, 'Meatballs Penne Pasta', 'Garlic-herb beef meatballs tossed in our house-made marinara sauce and penne pasta topped with fresh parsley.', '4.00', '606d76eedbb99.jpg');

-- --------------------------------------------------------

--
-- Table structure for table `remark`
--

CREATE TABLE `remark` (
  `id` int(11) NOT NULL,
  `frm_id` int(11) NOT NULL,
  `status` varchar(255) NOT NULL,
  `remark` mediumtext NOT NULL,
  `remarkDate` timestamp NOT NULL DEFAULT CURRENT_TIMESTAMP
) ENGINE=InnoDB DEFAULT CHARSET=latin1;

--
-- Dumping data for table `remark`
--

INSERT INTO `remark` (`id`, `frm_id`, `status`, `remark`, `remarkDate`) VALUES
(1, 2, 'in process', 'none', '2022-05-01 05:17:49'),
(2, 3, 'in process', 'none', '2022-05-27 11:01:30'),
(3, 2, 'closed', 'thank you for your order!', '2022-05-27 11:11:41'),
(4, 3, 'closed', 'none', '2022-05-27 11:42:35'),
(5, 4, 'in process', 'none', '2022-05-27 11:42:55'),
(6, 1, 'rejected', 'none', '2022-05-27 11:43:26'),
(7, 7, 'in process', 'none', '2022-05-27 13:03:24'),
(8, 8, 'in process', 'none', '2022-05-27 13:03:38'),
(9, 9, 'rejected', 'thank you', '2022-05-27 13:03:53'),
(10, 7, 'closed', 'thank you for your ordering with us', '2022-05-27 13:04:33'),
(11, 8, 'closed', 'thanks ', '2022-05-27 13:05:24'),
(12, 5, 'closed', 'none', '2022-05-27 13:18:03');

-- --------------------------------------------------------

--
-- Table structure for table `restaurant`
--

CREATE TABLE `restaurant` (
  `rs_id` int(222) NOT NULL,
  `c_id` int(222) NOT NULL,
  `title` varchar(222) NOT NULL,
  `email` varchar(222) NOT NULL,
  `phone` varchar(222) NOT NULL,
  `url` varchar(222) NOT NULL,
  `o_hr` varchar(222) NOT NULL,
  `c_hr` varchar(222) NOT NULL,
  `o_days` varchar(222) NOT NULL,
  `address` text NOT NULL,
  `image` text NOT NULL,
  `date` timestamp NOT NULL DEFAULT CURRENT_TIMESTAMP ON UPDATE CURRENT_TIMESTAMP
) ENGINE=InnoDB DEFAULT CHARSET=latin1;

--
-- Dumping data for table `restaurant`
--

INSERT INTO `restaurant` (`rs_id`, `c_id`, `title`, `email`, `phone`, `url`, `o_hr`, `c_hr`, `o_days`, `address`, `image`, `date`) VALUES
(1, 1, 'ALL in one restaurant', 'allinone@mail.com', '3547854700', 'www.allinone.com', '8am', '8pm', 'mon-sat', '1128 ramdevnagar, satelite', '6290877b473ce.jpg', '2022-05-27 08:10:35'),
(2, 2, 'Queso Queen', 'quesoqueen@gmail.com', '0557426406', 'www.quesoqueen.com', '11am', '9pm', 'Mon-Sat', '800 Law garden, High street', '606d720b5fc71.jpg', '2022-05-27 08:06:41'),
(3, 3, 'Sandwich silnger', 'sandwichsilnger25@mail.com', '1458745855', 'www.sandwichsilnge.com', '9am', '8pm', 'mon-sat', 'ganesh chok, gota', '6290860e72d1e.jpg', '2022-05-27 08:04:30'),
(4, 4, 'Highlands Bar & Grill', 'hbg@mail.com', '6545687458', 'www.hbg.com', '7am', '8pm', 'mon-sat', '812 opp. ITC narmada,vastrapur', '6290af6f81887.jpg', '2022-05-27 11:01:03');

-- --------------------------------------------------------

--
-- Table structure for table `res_category`
--

CREATE TABLE `res_category` (
  `c_id` int(222) NOT NULL,
  `c_name` varchar(222) NOT NULL,
  `date` timestamp NOT NULL DEFAULT CURRENT_TIMESTAMP ON UPDATE CURRENT_TIMESTAMP
) ENGINE=InnoDB DEFAULT CHARSET=latin1;

--
-- Dumping data for table `res_category`
--

INSERT INTO `res_category` (`c_id`, `c_name`, `date`) VALUES
(1, 'Gujarati', '2022-05-27 08:07:35'),
(2, 'Italian', '2021-04-07 08:45:23'),
(3, 'Chinese', '2021-04-07 08:45:25'),
(4, 'North Indian', '2021-04-07 08:45:28');

-- --------------------------------------------------------

--
-- Table structure for table `users`
--

CREATE TABLE `users` (
  `u_id` int(222) NOT NULL,
  `username` varchar(222) NOT NULL,
  `f_name` varchar(222) NOT NULL,
  `l_name` varchar(222) NOT NULL,
  `email` varchar(222) NOT NULL,
  `phone` varchar(222) NOT NULL,
  `password` varchar(222) NOT NULL,
  `address` text NOT NULL,
  `status` int(222) NOT NULL DEFAULT '1',
  `date` timestamp NOT NULL DEFAULT CURRENT_TIMESTAMP ON UPDATE CURRENT_TIMESTAMP
) ENGINE=InnoDB DEFAULT CHARSET=latin1;

--
-- Dumping data for table `users`
--

INSERT INTO `users` (`u_id`, `username`, `f_name`, `l_name`, `email`, `phone`, `password`, `address`, `status`, `date`) VALUES
(1, 'eric', 'Eric', 'Lopez', 'eric@mail.com', '1458965547', 'a32de55ffd7a9c4101a0c5c8788b38ed', '87 Armbrester Drive', 1, '2022-05-27 08:40:36'),
(2, 'harry', 'Harry', 'Holt', 'harryh@mail.com', '3578545458', 'bc28715006af20d0e961afd053a984d9', '33 Stadium Drive', 1, '2022-05-27 08:41:07'),
(3, 'james', 'James', 'Duncan', 'james@mail.com', '0258545696', '58b2318af54435138065ee13dd8bea16', '67 Hiney Road', 1, '2022-05-27 08:41:37'),
(4, 'christine', 'Christine', 'Moore', 'christine@mail.com', '7412580010', '5f4dcc3b5aa765d61d8327deb882cf99', '114 Test Address', 1, '2022-05-01 05:14:42'),
(5, 'scott', 'Scott', 'Miller', 'scott@mail.com', '7896547850', '5f4dcc3b5aa765d61d8327deb882cf99', '63 Charack Road', 1, '2022-05-27 10:53:51'),
(6, 'liamoore', 'Liam', 'Moore', 'liamoore@mail.com', '7896969696', '5f4dcc3b5aa765d61d8327deb882cf99', '122 Bleck Street', 1, '2022-05-27 12:57:00');

-- --------------------------------------------------------

--
-- Table structure for table `users_orders`
--

CREATE TABLE `users_orders` (
  `o_id` int(222) NOT NULL,
  `u_id` int(222) NOT NULL,
  `title` varchar(222) NOT NULL,
  `quantity` int(222) NOT NULL,
  `price` decimal(10,2) NOT NULL,
  `status` varchar(222) DEFAULT NULL,
  `date` timestamp NOT NULL DEFAULT CURRENT_TIMESTAMP ON UPDATE CURRENT_TIMESTAMP
) ENGINE=InnoDB DEFAULT CHARSET=latin1;

--
-- Dumping data for table `users_orders`
--

INSERT INTO `users_orders` (`o_id`, `u_id`, `title`, `quantity`, `price`, `status`, `date`) VALUES
(1, 4, 'Spring Rolls', 2, '6.00', 'rejected', '2022-05-27 11:43:26'),
(2, 4, 'Prawn Crackers', 1, '7.00', 'closed', '2022-05-27 11:11:41'),
(3, 5, 'Chicken Madeira', 1, '23.00', 'closed', '2022-05-27 11:42:35'),
(4, 5, 'Cheesy Mashed Potato', 1, '5.00', 'in process', '2022-05-27 11:42:55'),
(5, 5, 'Meatballs Penne Pasta', 1, '10.00', 'closed', '2022-05-27 13:18:03'),
(6, 5, 'Yorkshire Lamb Patties', 1, '14.00', NULL, '2022-05-27 11:40:51'),
(7, 6, 'Yorkshire Lamb Patties', 1, '14.00', 'closed', '2022-05-27 13:04:33'),
(8, 6, 'Lobster Thermidor', 1, '36.00', 'closed', '2022-05-27 13:05:24'),
(9, 6, 'Stuffed Jacket Potatoes', 1, '8.00', 'rejected', '2022-05-27 13:03:53');

--
-- Indexes for dumped tables
--

--
-- Indexes for table `admin`
--
ALTER TABLE `admin`
  ADD PRIMARY KEY (`adm_id`);

--
-- Indexes for table `dishes`
--
ALTER TABLE `dishes`
  ADD PRIMARY KEY (`d_id`);

--
-- Indexes for table `remark`
--
ALTER TABLE `remark`
  ADD PRIMARY KEY (`id`);

--
-- Indexes for table `restaurant`
--
ALTER TABLE `restaurant`
  ADD PRIMARY KEY (`rs_id`);

--
-- Indexes for table `res_category`
--
ALTER TABLE `res_category`
  ADD PRIMARY KEY (`c_id`);

--
-- Indexes for table `users`
--
ALTER TABLE `users`
  ADD PRIMARY KEY (`u_id`);

--
-- Indexes for table `users_orders`
--
ALTER TABLE `users_orders`
  ADD PRIMARY KEY (`o_id`);

--
-- AUTO_INCREMENT for dumped tables
--

--
-- AUTO_INCREMENT for table `admin`
--
ALTER TABLE `admin`
  MODIFY `adm_id` int(222) NOT NULL AUTO_INCREMENT, AUTO_INCREMENT=2;
--
-- AUTO_INCREMENT for table `dishes`
--
ALTER TABLE `dishes`
  MODIFY `d_id` int(222) NOT NULL AUTO_INCREMENT, AUTO_INCREMENT=17;
--
-- AUTO_INCREMENT for table `remark`
--
ALTER TABLE `remark`
  MODIFY `id` int(11) NOT NULL AUTO_INCREMENT, AUTO_INCREMENT=13;
--
-- AUTO_INCREMENT for table `restaurant`
--
ALTER TABLE `restaurant`
  MODIFY `rs_id` int(222) NOT NULL AUTO_INCREMENT, AUTO_INCREMENT=5;
--
-- AUTO_INCREMENT for table `res_category`
--
ALTER TABLE `res_category`
  MODIFY `c_id` int(222) NOT NULL AUTO_INCREMENT, AUTO_INCREMENT=5;
--
-- AUTO_INCREMENT for table `users`
--
ALTER TABLE `users`
  MODIFY `u_id` int(222) NOT NULL AUTO_INCREMENT, AUTO_INCREMENT=7;
--
-- AUTO_INCREMENT for table `users_orders`
--
ALTER TABLE `users_orders`
  MODIFY `o_id` int(222) NOT NULL AUTO_INCREMENT, AUTO_INCREMENT=10;
/*!40101 SET CHARACTER_SET_CLIENT=@OLD_CHARACTER_SET_CLIENT */;
/*!40101 SET CHARACTER_SET_RESULTS=@OLD_CHARACTER_SET_RESULTS */;
/*!40101 SET COLLATION_CONNECTION=@OLD_COLLATION_CONNECTION */;
